image,label
"[[[207 211 214]
  [209 210 214]
  [209 214 217]
  ...
  [198 203 206]
  [195 204 206]
  [198 204 207]]

 [[210 214 217]
  [209 213 216]
  [207 212 215]
  ...
  [197 201 204]
  [201 202 206]
  [199 203 206]]

 [[208 213 216]
  [211 215 218]
  [211 215 218]
  ...
  [198 203 206]
  [201 205 206]
  [199 205 205]]

 ...

 [[230 231 233]
  [231 232 234]
  [227 231 232]
  ...
  [229 229 229]
  [229 229 229]
  [229 229 231]]

 [[230 231 233]
  [230 231 233]
  [229 230 232]
  ...
  [229 229 231]
  [226 227 229]
  [229 229 231]]

 [[228 229 231]
  [229 230 232]
  [232 232 234]
  ...
  [229 229 231]
  [228 228 228]
  [229 229 229]]]",MALE
"[[[194 200 200]
  [195 201 201]
  [198 202 205]
  ...
  [174 178 179]
  [173 177 178]
  [174 178 179]]

 [[198 202 203]
  [198 202 203]
  [198 202 203]
  ...
  [175 179 180]
  [175 179 178]
  [175 179 180]]

 [[197 201 202]
  [200 204 205]
  [197 201 202]
  ...
  [177 181 182]
  [178 182 183]
  [177 181 182]]

 ...

 [[221 225 225]
  [221 225 226]
  [222 226 229]
  ...
  [221 221 225]
  [219 220 224]
  [218 222 225]]

 [[220 224 225]
  [219 223 224]
  [219 225 225]
  ...
  [221 222 226]
  [221 220 225]
  [219 220 224]]

 [[221 224 225]
  [220 224 225]
  [220 226 226]
  ...
  [220 221 225]
  [219 220 224]
  [219 220 224]]]",MALE
"[[[ 49  49  49]
  [ 50  50  50]
  [ 49  49  49]
  ...
  [ 95  94  99]
  [ 97  98 102]
  [ 97  98 103]]

 [[ 51  51  49]
  [ 50  50  48]
  [ 50  50  50]
  ...
  [111 115 116]
  [112 114 119]
  [112 113 117]]

 [[ 52  52  50]
  [ 50  50  48]
  [ 51  51  49]
  ...
  [121 126 132]
  [127 129 134]
  [126 127 132]]

 ...

 [[179 187 190]
  [179 187 190]
  [177 186 190]
  ...
  [ 12  12  10]
  [ 11  11   9]
  [ 13  12  10]]

 [[181 188 196]
  [177 185 188]
  [180 188 191]
  ...
  [ 13  12  10]
  [ 15  14  12]
  [ 13  12  10]]

 [[179 187 190]
  [182 187 191]
  [181 189 192]
  ...
  [ 12  12  10]
  [ 11  11   9]
  [ 14  14  14]]]",MALE
"[[[197 206 211]
  [193 203 205]
  [194 204 205]
  ...
  [107  95  82]
  [102  86  69]
  [ 98  85  68]]

 [[195 203 206]
  [193 202 205]
  [190 200 203]
  ...
  [ 95  82  65]
  [ 92  76  60]
  [ 94  82  64]]

 [[194 204 206]
  [195 204 206]
  [194 201 207]
  ...
  [101  86  65]
  [ 92  74  60]
  [106  91  61]]

 ...

 [[187 196 200]
  [187 197 199]
  [187 196 200]
  ...
  [165 174 183]
  [164 173 182]
  [164 171 181]]

 [[186 193 199]
  [188 196 200]
  [184 194 196]
  ...
  [166 174 185]
  [163 172 181]
  [166 177 183]]

 [[188 196 199]
  [185 195 199]
  [187 195 198]
  ...
  [163 177 185]
  [163 174 183]
  [165 175 184]]]",MALE
"[[[ 78  78  75]
  [ 78  79  74]
  [ 78  79  74]
  ...
  [ 75  76  70]
  [ 77  72  68]
  [ 72  73  68]]

 [[ 83  84  79]
  [ 82  85  78]
  [ 81  83  78]
  ...
  [ 78  79  71]
  [ 80  80  72]
  [ 75  77  71]]

 [[ 90  92  87]
  [ 87  92  85]
  [ 84  91  84]
  ...
  [ 81  82  74]
  [ 85  85  76]
  [ 81  82  74]]

 ...

 [[196 203 211]
  [201 205 214]
  [198 205 213]
  ...
  [216 224 226]
  [216 224 226]
  [215 223 225]]

 [[197 204 209]
  [200 204 213]
  [196 203 211]
  ...
  [214 225 225]
  [216 224 227]
  [215 223 226]]

 [[198 205 211]
  [196 203 211]
  [198 205 213]
  ...
  [215 223 226]
  [215 223 225]
  [216 226 227]]]",MALE
"[[[195 202 205]
  [197 205 208]
  [198 207 210]
  ...
  [172 178 178]
  [172 177 177]
  [170 176 176]]

 [[194 201 207]
  [200 208 211]
  [198 207 212]
  ...
  [170 176 176]
  [173 178 179]
  [173 174 176]]

 [[198 205 211]
  [200 208 211]
  [202 212 214]
  ...
  [173 177 178]
  [174 180 180]
  [173 179 179]]

 ...

 [[206 215 222]
  [211 218 224]
  [211 218 224]
  ...
  [223 228 232]
  [219 229 230]
  [221 226 229]]

 [[207 215 222]
  [208 217 222]
  [210 217 225]
  ...
  [222 227 233]
  [222 227 231]
  [221 226 230]]

 [[208 212 221]
  [208 214 220]
  [209 213 219]
  ...
  [221 226 230]
  [223 228 234]
  [224 227 232]]]",MALE
"[[[121 130 128]
  [122 126 129]
  [121 126 129]
  ...
  [ 84  83  79]
  [ 77  79  76]
  [ 84  86  82]]

 [[129 137 139]
  [130 138 140]
  [127 135 137]
  ...
  [ 98  97  97]
  [ 98  98  96]
  [ 97  97  95]]

 [[136 141 145]
  [132 140 142]
  [132 140 142]
  ...
  [105 115 111]
  [108 112 111]
  [108 114 112]]

 ...

 [[196 209 214]
  [196 206 212]
  [197 210 217]
  ...
  [200 208 211]
  [196 205 207]
  [197 205 208]]

 [[193 205 214]
  [196 208 215]
  [202 209 219]
  ...
  [201 209 212]
  [200 205 211]
  [199 207 210]]

 [[197 208 214]
  [196 207 216]
  [199 209 219]
  ...
  [204 212 215]
  [202 210 213]
  [201 208 214]]]",MALE
"[[[177 188 194]
  [178 188 197]
  [175 190 195]
  ...
  [180 186 186]
  [181 185 186]
  [177 183 183]]

 [[180 189 196]
  [181 190 197]
  [181 190 197]
  ...
  [178 185 185]
  [180 186 186]
  [181 187 185]]

 [[177 188 190]
  [179 190 194]
  [179 190 194]
  ...
  [181 185 184]
  [178 184 184]
  [180 184 183]]

 ...

 [[183 196 204]
  [183 196 204]
  [185 198 206]
  ...
  [204 218 221]
  [206 218 224]
  [204 219 222]]

 [[185 196 201]
  [183 196 204]
  [187 196 203]
  ...
  [205 219 225]
  [206 219 222]
  [204 220 223]]

 [[188 197 204]
  [186 196 205]
  [185 199 207]
  ...
  [204 219 224]
  [204 219 224]
  [205 215 221]]]",MALE
"[[[168 176 178]
  [165 173 175]
  [166 175 174]
  ...
  [ 56 139 147]
  [ 55 143 147]
  [ 57 142 147]]

 [[168 175 178]
  [165 175 176]
  [169 174 177]
  ...
  [ 56 139 146]
  [ 61 141 146]
  [ 58 138 147]]

 [[170 178 180]
  [170 178 180]
  [170 178 180]
  ...
  [ 63 137 146]
  [ 64 137 146]
  [ 65 138 145]]

 ...

 [[220 225 228]
  [221 226 229]
  [222 227 230]
  ...
  [177 179 178]
  [176 180 179]
  [178 180 179]]

 [[219 225 228]
  [220 225 228]
  [222 227 230]
  ...
  [178 180 179]
  [175 179 179]
  [178 180 180]]

 [[220 225 227]
  [220 225 228]
  [222 227 230]
  ...
  [178 180 179]
  [175 179 180]
  [177 178 180]]]",MALE
"[[[189 194 198]
  [192 197 200]
  [192 196 199]
  ...
  [175 176 178]
  [172 176 177]
  [174 175 177]]

 [[190 195 199]
  [190 195 199]
  [194 199 202]
  ...
  [174 178 181]
  [177 178 180]
  [175 176 178]]

 [[188 194 199]
  [189 193 198]
  [189 194 197]
  ...
  [173 177 176]
  [176 177 179]
  [176 177 179]]

 ...

 [[198 208 210]
  [200 208 211]
  [201 209 212]
  ...
  [223 235 233]
  [224 234 231]
  [224 234 233]]

 [[202 210 212]
  [203 211 212]
  [205 210 214]
  ...
  [230 241 237]
  [229 241 239]
  [232 241 238]]

 [[204 212 214]
  [204 212 214]
  [206 211 215]
  ...
  [230 241 237]
  [231 241 240]
  [232 241 238]]]",MALE
"[[[166 171 174]
  [165 169 172]
  [166 172 175]
  ...
  [ 59 119 121]
  [ 64 123 131]
  [ 61 117 125]]

 [[164 172 174]
  [163 171 173]
  [162 170 172]
  ...
  [ 92 113 141]
  [ 91 107 140]
  [ 79 104 132]]

 [[163 171 173]
  [163 171 173]
  [165 173 175]
  ...
  [167 173 183]
  [168 177 180]
  [165 175 180]]

 ...

 [[211 215 218]
  [212 216 219]
  [211 215 218]
  ...
  [184 188 187]
  [187 188 187]
  [184 191 188]]

 [[211 215 218]
  [213 217 220]
  [212 216 219]
  ...
  [186 190 189]
  [187 191 190]
  [187 194 192]]

 [[211 215 219]
  [211 215 218]
  [212 216 219]
  ...
  [188 194 192]
  [191 197 195]
  [187 196 193]]]",MALE
"[[[217 225 228]
  [220 225 229]
  [220 225 228]
  ...
  [230 235 238]
  [231 236 239]
  [229 237 239]]

 [[220 225 229]
  [222 227 230]
  [221 226 229]
  ...
  [231 236 239]
  [230 235 238]
  [232 238 238]]

 [[222 225 230]
  [222 227 230]
  [220 226 229]
  ...
  [232 237 240]
  [229 237 239]
  [229 237 240]]

 ...

 [[217 221 224]
  [217 221 224]
  [213 221 223]
  ...
  [223 231 233]
  [224 232 234]
  [226 232 232]]

 [[215 223 225]
  [216 221 224]
  [215 222 224]
  ...
  [225 233 235]
  [221 232 233]
  [227 233 233]]

 [[216 221 225]
  [214 219 222]
  [217 221 224]
  ...
  [224 232 234]
  [222 230 232]
  [224 232 235]]]",MALE
"[[[135 139 140]
  [136 135 140]
  [138 136 141]
  ...
  [155 156 158]
  [155 155 157]
  [152 153 157]]

 [[146 145 148]
  [145 146 148]
  [147 148 152]
  ...
  [162 163 167]
  [159 160 164]
  [158 160 164]]

 [[155 154 159]
  [154 153 158]
  [154 153 158]
  ...
  [167 168 170]
  [165 169 170]
  [166 167 169]]

 ...

 [[199 204 208]
  [200 205 208]
  [199 204 207]
  ...
  [200 212 212]
  [202 214 214]
  [202 211 213]]

 [[197 207 209]
  [197 203 206]
  [201 206 209]
  ...
  [202 212 213]
  [203 213 214]
  [202 215 215]]

 [[197 204 207]
  [198 206 209]
  [202 206 210]
  ...
  [201 214 214]
  [200 214 214]
  [203 215 213]]]",MALE
"[[[ 62  63  57]
  [ 61  62  56]
  [ 59  60  54]
  ...
  [176 184 186]
  [178 186 188]
  [175 183 185]]

 [[ 66  67  64]
  [ 68  68  65]
  [ 70  71  68]
  ...
  [179 187 189]
  [180 185 189]
  [179 187 190]]

 [[ 90  90  92]
  [ 90  91  93]
  [ 91  94  93]
  ...
  [181 190 192]
  [183 188 191]
  [183 188 192]]

 ...

 [[194 205 209]
  [194 205 209]
  [193 204 210]
  ...
  [188 202 204]
  [190 201 205]
  [188 204 204]]

 [[192 201 208]
  [194 205 211]
  [196 207 213]
  ...
  [190 203 205]
  [189 203 203]
  [190 204 205]]

 [[194 205 209]
  [193 204 208]
  [194 205 211]
  ...
  [189 203 204]
  [192 206 207]
  [189 207 207]]]",MALE
"[[[215 220 223]
  [220 225 228]
  [220 225 228]
  ...
  [190 195 198]
  [187 196 197]
  [190 197 197]]

 [[219 224 227]
  [220 226 228]
  [222 227 230]
  ...
  [191 198 200]
  [191 196 199]
  [190 195 198]]

 [[219 224 227]
  [223 228 231]
  [221 226 229]
  ...
  [193 199 199]
  [195 199 200]
  [193 197 201]]

 ...

 [[227 232 235]
  [228 232 233]
  [227 232 235]
  ...
  [221 225 228]
  [221 226 229]
  [222 227 230]]

 [[228 234 237]
  [227 233 233]
  [229 233 236]
  ...
  [222 226 227]
  [222 226 229]
  [221 227 227]]

 [[228 236 238]
  [231 237 237]
  [228 233 236]
  ...
  [221 226 229]
  [222 226 229]
  [221 225 228]]]",MALE
"[[[182 190 193]
  [181 188 196]
  [182 189 195]
  ...
  [188 200 204]
  [188 200 203]
  [189 200 202]]

 [[182 190 193]
  [184 189 193]
  [184 192 195]
  ...
  [190 201 205]
  [191 201 203]
  [190 199 204]]

 [[182 190 193]
  [182 190 193]
  [182 189 195]
  ...
  [188 201 203]
  [191 200 205]
  [191 201 206]]

 ...

 [[197 207 209]
  [200 209 214]
  [195 206 210]
  ...
  [165 176 178]
  [164 180 180]
  [167 177 179]]

 [[195 209 210]
  [197 208 210]
  [194 208 211]
  ...
  [162 177 177]
  [165 176 178]
  [166 179 179]]

 [[196 205 207]
  [195 206 210]
  [192 206 209]
  ...
  [164 178 178]
  [167 178 179]
  [167 179 179]]]",MALE
"[[[190 202 216]
  [190 204 217]
  [189 203 216]
  ...
  [191 197 211]
  [189 199 209]
  [190 200 210]]

 [[190 204 217]
  [190 202 216]
  [191 202 216]
  ...
  [191 199 212]
  [190 198 211]
  [191 199 212]]

 [[191 203 217]
  [189 203 216]
  [190 202 216]
  ...
  [189 197 210]
  [190 198 211]
  [189 197 208]]

 ...

 [[177 181 192]
  [179 186 196]
  [180 187 197]
  ...
  [178 182 193]
  [178 182 193]
  [177 181 190]]

 [[178 185 195]
  [179 186 196]
  [178 185 195]
  ...
  [179 183 194]
  [178 182 191]
  [179 183 194]]

 [[178 188 197]
  [179 188 197]
  [180 184 195]
  ...
  [175 182 190]
  [177 181 193]
  [177 181 192]]]",MALE
"[[[190 198 211]
  [191 199 211]
  [191 199 212]
  ...
  [194 201 211]
  [194 201 211]
  [193 200 210]]

 [[191 199 212]
  [189 197 210]
  [192 198 212]
  ...
  [193 200 210]
  [194 201 211]
  [195 202 212]]

 [[190 198 211]
  [190 198 211]
  [189 197 210]
  ...
  [194 200 210]
  [194 201 211]
  [195 202 212]]

 ...

 [[180 186 198]
  [182 189 199]
  [182 188 200]
  ...
  [171 177 188]
  [173 177 188]
  [177 184 194]]

 [[179 185 197]
  [182 187 200]
  [183 192 201]
  ...
  [173 178 192]
  [175 182 192]
  [179 183 194]]

 [[180 186 198]
  [181 188 198]
  [181 188 198]
  ...
  [172 178 189]
  [175 181 193]
  [178 182 193]]]",MALE
"[[[228 236 247]
  [227 235 246]
  [226 236 246]
  ...
  [219 229 244]
  [220 232 246]
  [220 232 246]]

 [[226 234 245]
  [227 235 246]
  [227 235 246]
  ...
  [222 231 246]
  [219 231 243]
  [221 230 245]]

 [[228 236 247]
  [227 233 245]
  [227 236 245]
  ...
  [218 230 244]
  [221 231 243]
  [218 230 242]]

 ...

 [[223 233 242]
  [225 232 240]
  [223 232 239]
  ...
  [210 218 229]
  [209 217 228]
  [211 217 229]]

 [[222 229 239]
  [225 232 242]
  [225 232 241]
  ...
  [210 220 230]
  [209 219 229]
  [211 220 229]]

 [[225 232 240]
  [225 232 240]
  [224 231 241]
  ...
  [210 218 229]
  [211 217 229]
  [211 217 229]]]",MALE
"[[[205 219 232]
  [206 220 233]
  [206 220 233]
  ...
  [183 196 213]
  [181 194 211]
  [182 195 211]]

 [[205 219 230]
  [204 218 231]
  [206 220 232]
  ...
  [183 195 211]
  [181 197 212]
  [182 194 210]]

 [[206 220 231]
  [205 217 229]
  [204 218 231]
  ...
  [183 196 212]
  [181 194 210]
  [183 195 209]]

 ...

 [[197 205 216]
  [197 206 215]
  [197 206 215]
  ...
  [156 162 176]
  [155 163 176]
  [154 162 175]]

 [[198 205 215]
  [197 205 216]
  [197 206 215]
  ...
  [155 163 176]
  [154 163 178]
  [155 163 176]]

 [[194 203 212]
  [198 206 217]
  [197 203 215]
  ...
  [154 164 176]
  [153 162 177]
  [154 162 175]]]",MALE
"[[[177 194 204]
  [181 197 205]
  [179 198 205]
  ...
  [161 176 181]
  [163 176 182]
  [158 176 180]]

 [[179 195 206]
  [182 196 205]
  [182 196 205]
  ...
  [159 177 181]
  [161 179 183]
  [162 177 182]]

 [[179 196 204]
  [180 197 205]
  [180 199 205]
  ...
  [164 179 184]
  [164 179 184]
  [164 179 184]]

 ...

 [[189 197 207]
  [190 197 205]
  [187 196 203]
  ...
  [174 184 194]
  [174 185 193]
  [173 186 194]]

 [[187 196 205]
  [188 199 208]
  [188 195 203]
  ...
  [174 184 193]
  [175 185 194]
  [177 186 195]]

 [[188 197 206]
  [188 197 206]
  [190 199 206]
  ...
  [176 186 195]
  [174 184 193]
  [173 186 194]]]",MALE
"[[[188 206 216]
  [187 205 217]
  [189 207 217]
  ...
  [182 193 197]
  [186 195 202]
  [186 197 201]]

 [[189 206 216]
  [190 207 217]
  [190 207 217]
  ...
  [184 196 199]
  [185 196 202]
  [183 194 200]]

 [[188 205 215]
  [188 206 216]
  [192 209 219]
  ...
  [185 196 202]
  [185 196 202]
  [185 196 202]]

 ...

 [[196 206 215]
  [197 207 216]
  [200 210 218]
  ...
  [174 184 194]
  [175 185 195]
  [174 184 194]]

 [[198 205 215]
  [198 208 217]
  [199 209 218]
  ...
  [172 184 196]
  [176 186 196]
  [175 185 195]]

 [[196 204 215]
  [198 208 218]
  [196 209 217]
  ...
  [171 185 194]
  [175 185 195]
  [173 183 193]]]",MALE
"[[[192 202 204]
  [194 202 205]
  [195 203 206]
  ...
  [181 186 189]
  [178 186 188]
  [180 188 190]]

 [[191 202 204]
  [194 202 205]
  [194 202 205]
  ...
  [178 188 190]
  [181 186 189]
  [179 187 189]]

 [[194 202 205]
  [194 202 205]
  [194 202 205]
  ...
  [178 186 188]
  [180 188 190]
  [178 186 188]]

 ...

 [[186 191 194]
  [187 191 192]
  [187 192 195]
  ...
  [173 181 184]
  [174 181 187]
  [176 183 189]]

 [[186 191 194]
  [181 186 189]
  [185 190 194]
  ...
  [173 180 186]
  [176 181 187]
  [177 182 188]]

 [[186 190 193]
  [175 180 184]
  [185 190 193]
  ...
  [176 179 186]
  [173 184 186]
  [173 184 188]]]",MALE
"[[[188 199 203]
  [188 199 203]
  [188 199 203]
  ...
  [162 169 175]
  [160 171 177]
  [158 169 175]]

 [[189 200 206]
  [190 201 207]
  [189 198 205]
  ...
  [162 173 179]
  [161 172 176]
  [160 172 178]]

 [[188 199 203]
  [190 201 205]
  [188 200 204]
  ...
  [162 173 179]
  [160 171 177]
  [161 172 178]]

 ...

 [[185 194 199]
  [186 195 200]
  [186 195 200]
  ...
  [143 153 163]
  [144 151 163]
  [144 153 163]]

 [[186 195 200]
  [186 195 200]
  [185 194 199]
  ...
  [143 154 164]
  [143 153 163]
  [146 155 164]]

 [[185 194 199]
  [186 195 200]
  [187 195 198]
  ...
  [144 154 164]
  [144 154 163]
  [144 153 162]]]",MALE
"[[[192 200 202]
  [192 200 202]
  [193 201 203]
  ...
  [142 156 156]
  [145 157 157]
  [141 157 156]]

 [[192 200 203]
  [193 201 203]
  [192 201 203]
  ...
  [147 159 159]
  [149 159 160]
  [147 157 158]]

 [[193 201 203]
  [194 202 204]
  [192 200 202]
  ...
  [150 160 161]
  [148 158 160]
  [150 160 161]]

 ...

 [[194 199 202]
  [194 199 202]
  [193 198 201]
  ...
  [162 170 172]
  [162 170 173]
  [162 170 173]]

 [[193 202 203]
  [195 200 203]
  [195 200 203]
  ...
  [161 169 171]
  [160 169 171]
  [163 168 172]]

 [[196 201 204]
  [196 201 204]
  [195 200 203]
  ...
  [162 170 173]
  [161 169 172]
  [161 166 170]]]",MALE
"[[[185 196 198]
  [185 196 200]
  [187 198 200]
  ...
  [182 191 196]
  [181 189 194]
  [182 190 195]]

 [[185 195 197]
  [186 197 201]
  [186 197 199]
  ...
  [181 193 196]
  [181 190 197]
  [181 192 196]]

 [[185 196 198]
  [185 195 197]
  [187 198 200]
  ...
  [182 193 197]
  [183 190 196]
  [182 190 193]]

 ...

 [[177 188 190]
  [179 188 193]
  [180 189 194]
  ...
  [122 133 133]
  [122 132 133]
  [126 133 136]]

 [[180 189 194]
  [181 190 195]
  [179 188 193]
  ...
  [120 132 132]
  [122 129 132]
  [124 134 135]]

 [[180 188 191]
  [180 189 195]
  [182 189 195]
  ...
  [121 130 129]
  [122 131 130]
  [123 131 133]]]",MALE
"[[[183 187 190]
  [184 189 192]
  [184 189 192]
  ...
  [188 193 196]
  [188 193 196]
  [185 190 194]]

 [[183 188 191]
  [185 190 193]
  [184 188 191]
  ...
  [187 192 195]
  [189 192 197]
  [189 193 196]]

 [[184 188 191]
  [185 189 192]
  [184 190 192]
  ...
  [191 195 199]
  [188 193 196]
  [186 192 195]]

 ...

 [[176 176 176]
  [179 179 179]
  [179 179 179]
  ...
  [ 68  70  63]
  [ 47  50  43]
  [ 38  41  34]]

 [[177 177 177]
  [178 178 178]
  [179 179 179]
  ...
  [122 124 121]
  [ 77  80  73]
  [ 48  51  43]]

 [[176 176 176]
  [178 178 178]
  [177 177 177]
  ...
  [161 165 164]
  [138 138 138]
  [ 91  97  93]]]",MALE
"[[[189 189 189]
  [188 188 190]
  [190 190 190]
  ...
  [198 198 200]
  [197 197 197]
  [199 199 201]]

 [[189 189 189]
  [189 189 189]
  [191 191 191]
  ...
  [198 198 200]
  [199 199 201]
  [197 197 199]]

 [[187 187 187]
  [190 190 190]
  [188 188 188]
  ...
  [196 196 198]
  [196 196 198]
  [198 198 200]]

 ...

 [[131 129 117]
  [130 131 117]
  [133 131 118]
  ...
  [170 172 171]
  [173 173 173]
  [173 173 173]]

 [[131 129 116]
  [131 129 117]
  [131 127 115]
  ...
  [173 173 173]
  [174 174 174]
  [171 171 171]]

 [[132 130 117]
  [131 128 116]
  [135 131 119]
  ...
  [170 170 170]
  [171 171 171]
  [171 171 171]]]",MALE
"[[[208 215 221]
  [206 215 220]
  [208 215 221]
  ...
  [100 193 201]
  [ 95 190 198]
  [ 95 194 199]]

 [[207 216 221]
  [207 214 220]
  [207 214 220]
  ...
  [147 172 180]
  [143 167 180]
  [132 164 176]]

 [[208 216 219]
  [208 213 219]
  [208 216 219]
  ...
  [187 206 215]
  [187 206 214]
  [186 204 214]]

 ...

 [[172 177 173]
  [174 178 177]
  [176 178 177]
  ...
  [217 219 218]
  [216 218 217]
  [215 216 216]]

 [[173 179 175]
  [175 177 176]
  [174 179 175]
  ...
  [216 218 217]
  [214 216 215]
  [216 218 217]]

 [[173 178 174]
  [172 177 173]
  [175 180 176]
  ...
  [217 218 218]
  [216 217 220]
  [214 217 216]]]",MALE
"[[[212 216 217]
  [209 214 218]
  [213 219 219]
  ...
  [199 203 204]
  [202 204 203]
  [202 203 205]]

 [[210 215 218]
  [208 216 218]
  [213 217 218]
  ...
  [203 205 204]
  [199 201 200]
  [201 203 202]]

 [[211 217 217]
  [211 217 217]
  [210 215 218]
  ...
  [202 204 203]
  [200 206 206]
  [202 204 203]]

 ...

 [[165 159 151]
  [162 158 147]
  [161 159 147]
  ...
  [206 208 210]
  [204 208 207]
  [209 211 210]]

 [[162 159 150]
  [163 159 148]
  [162 159 147]
  ...
  [205 206 208]
  [203 207 206]
  [206 210 209]]

 [[160 158 145]
  [161 159 147]
  [158 158 147]
  ...
  [203 207 206]
  [204 206 205]
  [206 210 208]]]",MALE
"[[[175 179 182]
  [175 179 182]
  [177 181 184]
  ...
  [185 186 190]
  [182 186 189]
  [183 186 191]]

 [[176 180 183]
  [177 181 182]
  [177 178 182]
  ...
  [184 189 192]
  [184 188 191]
  [182 188 191]]

 [[176 180 183]
  [179 179 181]
  [178 182 185]
  ...
  [184 188 191]
  [183 188 191]
  [182 186 189]]

 ...

 [[151 151 149]
  [152 152 150]
  [155 154 152]
  ...
  [135 135 135]
  [132 132 132]
  [131 131 131]]

 [[152 150 149]
  [152 152 150]
  [153 152 150]
  ...
  [133 133 133]
  [129 129 129]
  [131 131 131]]

 [[150 150 148]
  [152 152 150]
  [153 152 150]
  ...
  [133 133 133]
  [130 130 130]
  [130 130 130]]]",MALE
"[[[167 171 170]
  [168 172 171]
  [170 171 173]
  ...
  [171 172 174]
  [172 172 174]
  [172 172 174]]

 [[168 172 173]
  [170 171 173]
  [171 173 172]
  ...
  [171 172 174]
  [170 171 173]
  [169 173 174]]

 [[169 170 172]
  [171 172 174]
  [171 173 172]
  ...
  [172 173 175]
  [170 174 175]
  [169 173 174]]

 ...

 [[153 155 154]
  [157 157 157]
  [154 158 157]
  ...
  [158 162 163]
  [154 156 155]
  [155 157 156]]

 [[149 153 152]
  [152 156 155]
  [156 158 157]
  ...
  [154 160 160]
  [155 161 161]
  [155 158 159]]

 [[153 155 154]
  [151 153 152]
  [155 157 156]
  ...
  [157 161 162]
  [155 159 160]
  [155 159 160]]]",MALE
"[[[183 188 191]
  [184 189 192]
  [184 189 192]
  ...
  [165 169 172]
  [168 169 173]
  [164 168 171]]

 [[183 188 191]
  [182 187 192]
  [185 189 192]
  ...
  [164 169 169]
  [167 168 172]
  [164 168 169]]

 [[183 186 192]
  [183 186 191]
  [186 188 194]
  ...
  [163 167 170]
  [161 166 169]
  [164 168 171]]

 ...

 [[197 200 203]
  [195 200 203]
  [195 201 204]
  ...
  [174 179 182]
  [176 180 183]
  [173 178 181]]

 [[196 197 201]
  [192 200 202]
  [197 201 204]
  ...
  [173 182 184]
  [176 180 183]
  [175 179 182]]

 [[194 199 202]
  [196 200 203]
  [197 201 204]
  ...
  [173 178 181]
  [174 179 183]
  [174 179 183]]]",MALE
"[[[186 186 188]
  [188 187 192]
  [188 187 192]
  ...
  [177 179 180]
  [176 176 178]
  [175 176 178]]

 [[187 186 191]
  [188 187 192]
  [186 187 191]
  ...
  [176 176 178]
  [176 176 176]
  [175 175 177]]

 [[188 188 190]
  [188 188 190]
  [187 188 190]
  ...
  [174 174 176]
  [175 175 177]
  [175 175 177]]

 ...

 [[170 170 170]
  [170 170 170]
  [170 170 170]
  ...
  [ 54  56  35]
  [ 54  54  35]
  [ 53  52  32]]

 [[168 170 169]
  [169 169 169]
  [169 169 169]
  ...
  [ 50  48  28]
  [ 49  48  28]
  [ 51  50  30]]

 [[168 168 168]
  [167 167 167]
  [169 169 169]
  ...
  [ 49  48  28]
  [ 47  48  28]
  [ 50  49  29]]]",MALE
"[[[203 207 216]
  [203 207 216]
  [203 207 218]
  ...
  [178 181 190]
  [176 180 189]
  [175 179 188]]

 [[202 206 217]
  [204 208 219]
  [202 206 217]
  ...
  [180 184 195]
  [177 181 190]
  [176 181 187]]

 [[203 207 216]
  [204 208 217]
  [203 207 218]
  ...
  [177 181 190]
  [176 183 191]
  [177 181 190]]

 ...

 [[146 144 145]
  [146 144 145]
  [145 143 144]
  ...
  [126 126 126]
  [123 125 124]
  [125 127 126]]

 [[146 142 143]
  [144 142 143]
  [147 145 146]
  ...
  [128 128 128]
  [122 122 122]
  [123 125 124]]

 [[143 141 142]
  [141 141 141]
  [148 144 145]
  ...
  [124 124 124]
  [125 127 126]
  [123 125 124]]]",MALE
"[[[191 191 193]
  [192 192 194]
  [190 190 192]
  ...
  [187 187 189]
  [186 187 189]
  [186 187 191]]

 [[191 191 193]
  [193 193 195]
  [190 191 193]
  ...
  [187 187 189]
  [187 186 191]
  [185 186 188]]

 [[190 189 194]
  [192 191 196]
  [191 190 195]
  ...
  [186 185 190]
  [186 186 188]
  [185 185 187]]

 ...

 [[120 120 118]
  [117 117 114]
  [118 120 117]
  ...
  [111 111 111]
  [112 112 112]
  [111 112 110]]

 [[119 121 118]
  [121 121 119]
  [118 120 119]
  ...
  [109 111 108]
  [109 111 108]
  [108 108 108]]

 [[116 116 116]
  [112 114 113]
  [113 112 110]
  ...
  [106 106 104]
  [108 110 107]
  [107 107 105]]]",MALE
"[[[183 184 188]
  [181 185 188]
  [181 185 188]
  ...
  [ 65 111 116]
  [ 64 109 114]
  [ 58 107 112]]

 [[180 184 187]
  [183 187 190]
  [184 188 191]
  ...
  [ 37  54  56]
  [ 33  50  51]
  [ 33  54  53]]

 [[182 186 189]
  [183 184 188]
  [182 186 189]
  ...
  [123 121 134]
  [ 98  99 109]
  [ 78  89  98]]

 ...

 [[172 172 172]
  [170 170 170]
  [170 170 170]
  ...
  [156 157 159]
  [155 157 157]
  [156 158 157]]

 [[170 170 170]
  [170 170 170]
  [173 173 173]
  ...
  [154 158 159]
  [153 157 158]
  [155 155 155]]

 [[170 172 169]
  [168 170 169]
  [168 170 169]
  ...
  [154 155 157]
  [156 158 160]
  [153 157 158]]]",MALE
"[[[175 179 182]
  [175 179 182]
  [176 181 184]
  ...
  [162 165 170]
  [160 165 168]
  [160 165 168]]

 [[176 181 184]
  [180 184 187]
  [177 182 185]
  ...
  [160 168 170]
  [158 166 168]
  [159 163 166]]

 [[177 179 183]
  [178 179 181]
  [180 181 186]
  ...
  [161 166 169]
  [161 169 171]
  [163 167 170]]

 ...

 [[174 175 175]
  [173 173 173]
  [172 174 173]
  ...
  [157 161 162]
  [162 164 163]
  [161 162 162]]

 [[170 172 171]
  [174 176 175]
  [175 177 176]
  ...
  [158 162 162]
  [160 162 161]
  [159 163 161]]

 [[172 174 173]
  [172 174 173]
  [170 174 173]
  ...
  [160 162 161]
  [158 160 159]
  [156 158 160]]]",MALE
"[[[179 184 188]
  [179 182 187]
  [178 186 188]
  ...
  [166 170 173]
  [166 170 173]
  [163 167 172]]

 [[180 185 188]
  [181 186 189]
  [181 184 189]
  ...
  [165 169 172]
  [166 170 173]
  [166 170 173]]

 [[180 184 187]
  [180 185 188]
  [181 185 188]
  ...
  [167 171 174]
  [167 170 175]
  [164 169 172]]

 ...

 [[151 151 148]
  [150 150 148]
  [151 150 148]
  ...
  [143 143 143]
  [144 144 144]
  [142 142 140]]

 [[149 149 147]
  [149 149 147]
  [150 150 149]
  ...
  [143 143 143]
  [141 141 141]
  [138 140 137]]

 [[148 149 145]
  [151 151 149]
  [149 149 147]
  ...
  [142 142 140]
  [140 140 138]
  [138 138 138]]]",MALE
"[[[176 176 177]
  [176 176 178]
  [177 177 179]
  ...
  [161 161 163]
  [161 161 163]
  [159 163 164]]

 [[175 175 177]
  [176 176 178]
  [177 177 179]
  ...
  [163 163 165]
  [161 162 164]
  [160 161 163]]

 [[177 177 177]
  [174 174 174]
  [176 177 179]
  ...
  [160 161 163]
  [162 163 164]
  [160 160 162]]

 ...

 [[177 178 178]
  [176 176 176]
  [173 174 173]
  ...
  [160 164 165]
  [159 163 164]
  [156 160 159]]

 [[175 175 175]
  [176 176 176]
  [175 175 175]
  ...
  [162 163 165]
  [162 164 163]
  [158 162 162]]

 [[173 173 173]
  [173 173 173]
  [175 175 175]
  ...
  [159 160 162]
  [157 161 160]
  [160 162 161]]]",MALE
"[[[169 171 170]
  [171 173 172]
  [171 171 171]
  ...
  [152 156 157]
  [152 156 157]
  [154 158 159]]

 [[171 172 174]
  [173 173 173]
  [169 170 172]
  ...
  [155 159 160]
  [151 157 157]
  [150 156 156]]

 [[170 172 171]
  [170 172 171]
  [170 172 171]
  ...
  [152 156 157]
  [151 154 156]
  [152 156 157]]

 ...

 [[180 182 181]
  [180 182 181]
  [181 183 182]
  ...
  [164 166 165]
  [166 168 167]
  [162 164 163]]

 [[182 184 183]
  [180 182 181]
  [180 182 181]
  ...
  [165 167 166]
  [165 167 166]
  [165 166 168]]

 [[180 180 180]
  [180 180 180]
  [180 182 181]
  ...
  [166 168 167]
  [163 167 166]
  [164 166 165]]]",MALE
"[[[187 188 193]
  [186 191 195]
  [184 189 193]
  ...
  [187 192 196]
  [186 191 197]
  [187 192 195]]

 [[185 189 192]
  [186 190 193]
  [184 189 193]
  ...
  [185 193 196]
  [186 191 195]
  [187 192 196]]

 [[186 189 193]
  [185 188 193]
  [183 188 192]
  ...
  [187 193 196]
  [186 191 195]
  [186 191 195]]

 ...

 [[167 167 167]
  [168 168 166]
  [166 166 164]
  ...
  [167 167 167]
  [168 168 168]
  [169 169 167]]

 [[168 168 168]
  [169 169 169]
  [166 166 166]
  ...
  [169 169 169]
  [168 168 168]
  [168 168 166]]

 [[167 167 165]
  [164 164 162]
  [166 166 164]
  ...
  [169 169 169]
  [168 168 168]
  [166 168 165]]]",MALE
"[[[182 181 186]
  [183 182 188]
  [182 183 187]
  ...
  [173 174 178]
  [173 174 178]
  [172 173 177]]

 [[181 185 188]
  [181 182 186]
  [181 185 188]
  ...
  [172 176 179]
  [170 174 177]
  [169 173 176]]

 [[181 185 188]
  [183 185 189]
  [181 185 187]
  ...
  [171 175 178]
  [170 174 177]
  [169 173 176]]

 ...

 [[174 178 179]
  [176 178 177]
  [180 181 183]
  ...
  [172 175 178]
  [173 174 176]
  [170 174 175]]

 [[172 176 177]
  [175 177 176]
  [175 179 180]
  ...
  [173 174 176]
  [170 174 175]
  [172 173 175]]

 [[174 176 175]
  [180 180 180]
  [178 179 181]
  ...
  [172 176 177]
  [171 175 176]
  [172 173 175]]]",MALE
"[[[188 188 192]
  [189 190 194]
  [188 192 195]
  ...
  [179 180 184]
  [179 180 184]
  [179 180 182]]

 [[188 189 193]
  [191 192 196]
  [188 192 195]
  ...
  [179 180 184]
  [179 180 182]
  [178 179 181]]

 [[191 192 196]
  [189 193 196]
  [190 191 195]
  ...
  [177 181 184]
  [179 180 184]
  [179 180 182]]

 ...

 [[169 169 169]
  [167 167 167]
  [171 171 171]
  ...
  [154 156 155]
  [153 155 154]
  [151 153 152]]

 [[170 170 170]
  [168 170 169]
  [171 171 171]
  ...
  [153 153 153]
  [151 153 152]
  [151 153 152]]

 [[168 168 168]
  [169 169 169]
  [169 169 169]
  ...
  [151 153 152]
  [151 151 151]
  [150 150 150]]]",MALE
"[[[186 191 195]
  [186 190 193]
  [186 191 195]
  ...
  [ 59 114 119]
  [ 65 115 122]
  [ 71 120 127]]

 [[183 188 192]
  [187 191 194]
  [187 190 195]
  ...
  [ 82  97 100]
  [ 72  91  93]
  [ 64  85  89]]

 [[185 188 193]
  [185 188 193]
  [185 188 193]
  ...
  [164 171 177]
  [166 171 175]
  [165 170 174]]

 ...

 [[179 179 181]
  [179 179 179]
  [181 181 181]
  ...
  [167 169 168]
  [166 168 167]
  [167 167 169]]

 [[179 181 180]
  [179 179 181]
  [181 181 181]
  ...
  [164 166 165]
  [165 167 166]
  [166 168 167]]

 [[178 178 180]
  [179 179 181]
  [179 179 181]
  ...
  [165 167 166]
  [162 164 163]
  [164 166 165]]]",MALE
"[[[186 189 194]
  [187 190 195]
  [188 191 196]
  ...
  [173 178 181]
  [172 176 179]
  [173 177 180]]

 [[185 190 194]
  [187 190 195]
  [187 190 195]
  ...
  [175 179 182]
  [174 178 181]
  [172 177 180]]

 [[189 190 195]
  [185 190 194]
  [184 189 193]
  ...
  [175 176 180]
  [173 177 180]
  [171 174 179]]

 ...

 [[186 186 184]
  [186 186 186]
  [187 187 187]
  ...
  [168 168 168]
  [167 169 168]
  [163 163 163]]

 [[186 186 186]
  [187 187 187]
  [186 186 186]
  ...
  [164 164 164]
  [163 163 163]
  [165 165 165]]

 [[186 186 186]
  [188 188 188]
  [185 185 185]
  ...
  [138 127 123]
  [138 127 124]
  [136 125 121]]]",MALE
"[[[188 188 190]
  [187 187 189]
  [185 187 186]
  ...
  [173 175 174]
  [174 175 177]
  [172 173 175]]

 [[185 187 186]
  [185 189 190]
  [187 188 190]
  ...
  [174 175 178]
  [172 173 175]
  [173 174 176]]

 [[185 187 186]
  [184 188 189]
  [186 186 189]
  ...
  [172 176 177]
  [171 175 176]
  [172 173 175]]

 ...

 [[168 165 167]
  [165 166 162]
  [169 169 167]
  ...
  [159 159 159]
  [155 159 158]
  [157 159 158]]

 [[166 166 166]
  [167 167 167]
  [168 168 166]
  ...
  [157 157 157]
  [157 157 157]
  [156 159 158]]

 [[166 166 166]
  [167 167 167]
  [167 167 165]
  ...
  [157 157 157]
  [156 156 156]
  [157 158 157]]]",MALE
"[[[175 176 178]
  [176 176 178]
  [177 177 177]
  ...
  [169 169 169]
  [166 171 170]
  [168 168 170]]

 [[175 175 177]
  [176 176 176]
  [177 177 177]
  ...
  [167 167 167]
  [168 168 168]
  [168 168 170]]

 [[174 174 174]
  [177 177 177]
  [177 177 179]
  ...
  [168 168 170]
  [168 170 169]
  [166 166 166]]

 ...

 [[166 166 166]
  [165 165 165]
  [166 168 167]
  ...
  [168 168 168]
  [170 170 170]
  [166 166 166]]

 [[166 166 166]
  [164 166 165]
  [167 167 167]
  ...
  [168 168 168]
  [165 165 165]
  [168 168 168]]

 [[165 167 166]
  [163 163 163]
  [164 168 167]
  ...
  [169 169 169]
  [168 168 168]
  [168 167 168]]]",MALE
"[[[192 199 205]
  [189 196 202]
  [191 198 204]
  ...
  [179 187 191]
  [179 187 190]
  [179 187 190]]

 [[190 198 201]
  [192 199 205]
  [193 200 206]
  ...
  [178 189 191]
  [180 188 191]
  [182 187 191]]

 [[191 199 202]
  [192 200 203]
  [192 200 203]
  ...
  [179 189 191]
  [177 185 188]
  [180 185 189]]

 ...

 [[186 192 192]
  [184 191 191]
  [187 191 194]
  ...
  [175 180 184]
  [174 178 181]
  [172 180 182]]

 [[185 191 191]
  [185 189 192]
  [188 193 196]
  ...
  [176 181 183]
  [174 180 180]
  [173 178 181]]

 [[186 190 193]
  [186 191 194]
  [187 192 195]
  ...
  [175 180 183]
  [175 181 181]
  [176 181 181]]]",MALE
"[[[197 201 204]
  [199 200 204]
  [196 200 203]
  ...
  [192 193 197]
  [189 193 196]
  [192 193 197]]

 [[199 203 206]
  [197 201 204]
  [197 200 204]
  ...
  [192 193 197]
  [193 194 198]
  [194 195 199]]

 [[199 203 205]
  [199 203 206]
  [200 202 206]
  ...
  [193 194 198]
  [194 195 199]
  [193 194 198]]

 ...

 [[186 189 190]
  [185 189 192]
  [185 189 190]
  ...
  [181 186 186]
  [182 186 187]
  [180 184 187]]

 [[184 188 189]
  [189 190 192]
  [188 189 191]
  ...
  [181 185 186]
  [179 183 184]
  [180 185 188]]

 [[184 188 189]
  [186 187 189]
  [188 189 191]
  ...
  [181 185 186]
  [182 186 187]
  [179 183 187]]]",MALE
"[[[175 180 183]
  [177 182 185]
  [177 181 182]
  ...
  [187 188 190]
  [187 188 192]
  [186 187 191]]

 [[176 180 181]
  [175 181 181]
  [177 181 182]
  ...
  [188 187 192]
  [185 186 190]
  [186 187 191]]

 [[178 178 178]
  [178 179 181]
  [178 182 183]
  ...
  [186 187 189]
  [185 189 192]
  [184 188 191]]

 ...

 [[181 181 179]
  [182 182 182]
  [182 182 182]
  ...
  [195 195 195]
  [196 196 196]
  [195 195 195]]

 [[180 180 180]
  [181 179 180]
  [180 180 180]
  ...
  [195 195 195]
  [195 195 195]
  [195 195 195]]

 [[179 179 179]
  [181 181 181]
  [179 179 179]
  ...
  [193 195 194]
  [193 195 194]
  [193 195 194]]]",FEMALE
"[[[183 184 188]
  [185 186 191]
  [184 188 191]
  ...
  [193 192 197]
  [188 192 193]
  [190 194 195]]

 [[183 184 188]
  [185 186 190]
  [185 186 190]
  ...
  [191 192 196]
  [192 193 197]
  [192 193 197]]

 [[182 183 185]
  [184 186 189]
  [186 187 191]
  ...
  [191 195 198]
  [191 192 197]
  [190 191 195]]

 ...

 [[163 163 163]
  [160 162 160]
  [162 162 162]
  ...
  [167 167 167]
  [167 168 168]
  [167 169 168]]

 [[159 159 159]
  [160 160 160]
  [161 161 161]
  ...
  [163 163 163]
  [164 165 165]
  [164 165 164]]

 [[157 157 157]
  [160 160 160]
  [158 158 158]
  ...
  [162 162 162]
  [162 162 162]
  [160 160 160]]]",FEMALE
"[[[184 188 191]
  [182 186 189]
  [187 188 192]
  ...
  [175 179 180]
  [177 178 180]
  [175 176 180]]

 [[187 188 190]
  [186 187 189]
  [187 188 192]
  ...
  [175 179 180]
  [175 179 182]
  [175 181 181]]

 [[185 186 190]
  [186 187 191]
  [189 190 194]
  ...
  [175 179 179]
  [175 179 180]
  [171 177 177]]

 ...

 [[150 152 151]
  [150 152 151]
  [150 152 151]
  ...
  [148 148 148]
  [146 146 144]
  [147 147 145]]

 [[152 152 151]
  [150 150 148]
  [151 151 151]
  ...
  [148 148 146]
  [148 148 146]
  [146 148 143]]

 [[150 150 148]
  [153 153 150]
  [152 151 149]
  ...
  [148 148 148]
  [144 144 142]
  [146 145 143]]]",FEMALE
"[[[175 179 182]
  [176 180 183]
  [178 179 183]
  ...
  [176 180 183]
  [176 180 183]
  [175 179 182]]

 [[177 181 184]
  [176 178 183]
  [179 180 184]
  ...
  [175 179 182]
  [178 179 183]
  [175 179 182]]

 [[178 179 183]
  [178 179 183]
  [180 181 185]
  ...
  [175 179 182]
  [175 179 182]
  [176 180 183]]

 ...

 [[164 170 172]
  [166 171 174]
  [165 172 175]
  ...
  [170 174 175]
  [171 176 177]
  [168 174 174]]

 [[167 173 173]
  [166 170 173]
  [167 171 174]
  ...
  [171 175 176]
  [167 173 173]
  [168 174 174]]

 [[166 170 171]
  [166 170 173]
  [168 172 175]
  ...
  [169 174 174]
  [171 172 174]
  [168 174 174]]]",FEMALE
"[[[183 183 185]
  [185 185 185]
  [184 185 187]
  ...
  [165 167 166]
  [164 164 165]
  [161 164 164]]

 [[184 184 186]
  [185 186 188]
  [183 183 185]
  ...
  [167 167 167]
  [164 165 165]
  [163 164 164]]

 [[185 185 186]
  [185 185 187]
  [186 186 187]
  ...
  [167 167 167]
  [163 165 165]
  [165 166 167]]

 ...

 [[177 177 177]
  [177 177 177]
  [176 176 176]
  ...
  [ 24  23  19]
  [ 23  23  18]
  [ 22  22  16]]

 [[177 177 177]
  [176 176 176]
  [177 177 177]
  ...
  [ 29  25  21]
  [ 24  23  18]
  [ 23  22  18]]

 [[175 175 175]
  [175 175 175]
  [174 174 174]
  ...
  [ 28  28  23]
  [ 25  24  19]
  [ 25  23  18]]]",FEMALE
"[[[193 194 196]
  [188 192 195]
  [191 192 194]
  ...
  [182 183 187]
  [180 184 187]
  [181 183 182]]

 [[194 195 197]
  [190 191 193]
  [188 192 192]
  ...
  [181 182 186]
  [181 182 186]
  [181 182 186]]

 [[191 193 195]
  [191 192 193]
  [196 196 197]
  ...
  [181 182 184]
  [184 186 187]
  [180 184 185]]

 ...

 [[158 154 153]
  [158 155 154]
  [162 159 157]
  ...
  [146 146 146]
  [145 147 146]
  [147 146 146]]

 [[ 35  32  22]
  [ 33  30  20]
  [ 35  29  21]
  ...
  [144 146 145]
  [146 146 146]
  [145 145 145]]

 [[ 38  41  30]
  [ 33  39  27]
  [ 34  38  23]
  ...
  [145 145 143]
  [147 147 145]
  [146 145 142]]]",FEMALE
"[[[188 191 196]
  [189 192 197]
  [190 193 198]
  ...
  [179 180 184]
  [175 180 183]
  [177 181 184]]

 [[189 192 197]
  [189 193 196]
  [190 195 198]
  ...
  [179 180 184]
  [175 179 182]
  [175 179 182]]

 [[190 190 195]
  [189 192 197]
  [191 194 199]
  ...
  [176 180 183]
  [178 179 183]
  [176 180 183]]

 ...

 [[177 178 178]
  [176 178 177]
  [179 179 179]
  ...
  [173 175 174]
  [172 174 173]
  [171 173 172]]

 [[175 175 175]
  [175 175 175]
  [175 177 176]
  ...
  [171 175 174]
  [170 172 171]
  [170 172 171]]

 [[174 176 175]
  [173 175 174]
  [175 177 176]
  ...
  [170 171 173]
  [169 173 172]
  [167 171 172]]]",FEMALE
"[[[188 189 194]
  [190 190 195]
  [189 190 194]
  ...
  [173 177 178]
  [174 174 176]
  [176 177 181]]

 [[187 188 192]
  [189 190 194]
  [189 190 195]
  ...
  [174 173 178]
  [175 175 177]
  [175 176 180]]

 [[190 189 194]
  [189 188 193]
  [187 192 195]
  ...
  [173 173 176]
  [178 178 180]
  [177 178 182]]

 ...

 [[181 183 182]
  [180 181 183]
  [181 182 184]
  ...
  [168 169 171]
  [168 170 169]
  [169 171 170]]

 [[180 182 181]
  [182 183 185]
  [179 185 185]
  ...
  [168 169 171]
  [172 174 173]
  [168 171 169]]

 [[180 181 183]
  [179 183 184]
  [179 183 184]
  ...
  [165 169 168]
  [164 168 169]
  [164 168 169]]]",FEMALE
"[[[181 182 186]
  [181 180 185]
  [182 183 185]
  ...
  [168 172 175]
  [171 176 179]
  [171 175 178]]

 [[180 181 185]
  [179 180 184]
  [181 182 186]
  ...
  [169 173 176]
  [167 172 175]
  [167 171 174]]

 [[180 179 184]
  [180 181 185]
  [179 180 184]
  ...
  [169 174 177]
  [167 172 175]
  [169 173 176]]

 ...

 [[187 193 193]
  [187 193 193]
  [187 191 192]
  ...
  [181 185 186]
  [180 184 185]
  [180 184 185]]

 [[185 189 190]
  [186 191 194]
  [185 191 191]
  ...
  [179 183 184]
  [177 183 183]
  [177 181 180]]

 [[186 190 191]
  [185 189 190]
  [186 190 191]
  ...
  [177 183 181]
  [179 183 182]
  [178 182 181]]]",FEMALE
"[[[194 195 199]
  [195 196 200]
  [193 197 200]
  ...
  [174 178 179]
  [173 177 178]
  [173 174 176]]

 [[192 196 199]
  [196 197 201]
  [197 198 202]
  ...
  [175 179 180]
  [174 175 177]
  [173 177 178]]

 [[190 195 198]
  [196 197 201]
  [196 197 201]
  ...
  [177 176 178]
  [176 177 179]
  [174 178 179]]

 ...

 [[153 153 151]
  [157 153 152]
  [155 155 153]
  ...
  [141 141 139]
  [145 145 143]
  [144 144 142]]

 [[155 155 153]
  [152 152 150]
  [153 153 151]
  ...
  [142 142 140]
  [146 146 144]
  [142 142 139]]

 [[152 152 150]
  [151 151 149]
  [151 151 149]
  ...
  [141 141 139]
  [143 143 141]
  [141 141 139]]]",FEMALE
"[[[207 214 222]
  [208 216 223]
  [206 215 222]
  ...
  [182 196 205]
  [182 196 204]
  [180 195 202]]

 [[206 215 222]
  [206 213 221]
  [207 214 222]
  ...
  [183 200 207]
  [183 198 205]
  [182 197 203]]

 [[207 214 222]
  [206 213 221]
  [209 213 222]
  ...
  [184 195 201]
  [182 197 202]
  [180 195 200]]

 ...

 [[168 168 168]
  [170 170 170]
  [170 170 170]
  ...
  [154 154 154]
  [155 155 153]
  [151 153 150]]

 [[168 168 168]
  [168 168 168]
  [169 169 169]
  ...
  [154 154 152]
  [151 151 149]
  [151 151 149]]

 [[168 168 166]
  [167 167 165]
  [166 166 164]
  ...
  [150 153 152]
  [152 152 152]
  [151 151 151]]]",FEMALE
"[[[208 209 214]
  [207 208 213]
  [208 211 216]
  ...
  [197 198 202]
  [194 195 199]
  [194 198 201]]

 [[208 209 215]
  [208 211 216]
  [208 211 216]
  ...
  [195 200 203]
  [193 197 200]
  [195 198 201]]

 [[211 212 217]
  [208 211 216]
  [209 210 215]
  ...
  [195 199 202]
  [193 197 200]
  [196 197 201]]

 ...

 [[145 145 143]
  [146 146 144]
  [146 146 144]
  ...
  [147 149 147]
  [144 147 145]
  [147 149 148]]

 [[143 143 141]
  [146 146 144]
  [147 147 145]
  ...
  [145 147 144]
  [144 146 143]
  [143 145 144]]

 [[141 141 139]
  [146 145 143]
  [148 148 146]
  ...
  [145 147 146]
  [144 148 147]
  [141 145 144]]]",FEMALE
"[[[189 198 207]
  [191 201 210]
  [190 199 208]
  ...
  [173 183 192]
  [173 184 190]
  [173 184 190]]

 [[188 198 207]
  [187 196 205]
  [190 199 208]
  ...
  [176 183 191]
  [174 183 190]
  [172 182 191]]

 [[191 198 208]
  [188 195 205]
  [187 198 206]
  ...
  [175 182 190]
  [173 183 192]
  [173 185 191]]

 ...

 [[173 174 176]
  [177 178 180]
  [176 180 181]
  ...
  [162 167 169]
  [161 166 167]
  [162 166 167]]

 [[176 176 178]
  [179 180 182]
  [175 179 180]
  ...
  [163 167 170]
  [162 166 167]
  [161 167 167]]

 [[174 178 177]
  [175 179 182]
  [175 179 180]
  ...
  [163 167 168]
  [162 168 168]
  [161 167 167]]]",FEMALE
"[[[173 174 176]
  [172 172 172]
  [172 173 175]
  ...
  [167 168 170]
  [167 168 170]
  [167 168 170]]

 [[173 173 173]
  [171 173 172]
  [173 174 176]
  ...
  [166 170 169]
  [167 169 168]
  [167 168 171]]

 [[172 173 175]
  [172 174 173]
  [174 174 174]
  ...
  [169 169 171]
  [168 169 170]
  [167 168 170]]

 ...

 [[159 159 159]
  [158 160 159]
  [158 160 157]
  ...
  [162 162 164]
  [161 161 161]
  [162 162 162]]

 [[157 159 158]
  [152 158 156]
  [156 160 159]
  ...
  [161 161 161]
  [161 161 161]
  [159 161 160]]

 [[154 156 155]
  [152 158 157]
  [154 158 157]
  ...
  [160 160 160]
  [161 161 161]
  [159 161 160]]]",FEMALE
"[[[184 188 191]
  [186 188 192]
  [186 188 192]
  ...
  [158 162 163]
  [160 160 162]
  [156 160 161]]

 [[185 186 190]
  [187 188 192]
  [187 188 190]
  ...
  [161 162 164]
  [158 162 163]
  [155 159 160]]

 [[187 187 191]
  [182 186 189]
  [188 188 193]
  ...
  [157 163 163]
  [158 162 161]
  [155 159 160]]

 ...

 [[196 196 196]
  [195 195 195]
  [197 197 197]
  ...
  [174 175 177]
  [176 176 176]
  [174 174 174]]

 [[196 196 196]
  [198 198 198]
  [197 197 197]
  ...
  [172 176 177]
  [174 176 175]
  [173 175 177]]

 [[196 196 196]
  [196 196 196]
  [199 199 199]
  ...
  [175 176 178]
  [171 175 175]
  [174 176 175]]]",FEMALE
"[[[181 182 184]
  [181 182 184]
  [181 185 186]
  ...
  [174 175 177]
  [171 172 174]
  [170 171 173]]

 [[182 183 185]
  [179 180 182]
  [182 183 185]
  ...
  [174 175 177]
  [171 173 172]
  [171 172 174]]

 [[182 183 185]
  [181 182 184]
  [182 183 185]
  ...
  [173 174 176]
  [171 175 176]
  [169 173 174]]

 ...

 [[174 176 175]
  [177 177 177]
  [177 177 177]
  ...
  [173 174 176]
  [170 173 173]
  [172 174 175]]

 [[172 174 173]
  [174 176 175]
  [175 177 176]
  ...
  [171 172 174]
  [169 173 174]
  [169 173 174]]

 [[171 175 174]
  [172 174 173]
  [176 176 176]
  ...
  [168 174 174]
  [168 169 171]
  [169 173 174]]]",FEMALE
"[[[204 207 212]
  [200 205 208]
  [202 207 211]
  ...
  [181 182 186]
  [179 180 184]
  [178 179 183]]

 [[201 206 210]
  [204 207 212]
  [202 207 211]
  ...
  [176 179 184]
  [178 179 183]
  [176 180 183]]

 [[201 206 211]
  [200 208 211]
  [200 208 211]
  ...
  [177 180 185]
  [177 181 183]
  [177 181 184]]

 ...

 [[181 183 182]
  [183 183 183]
  [180 182 181]
  ...
  [152 152 152]
  [151 153 152]
  [151 151 151]]

 [[181 183 182]
  [181 183 182]
  [179 181 180]
  ...
  [151 151 151]
  [149 151 150]
  [148 150 149]]

 [[182 182 182]
  [181 181 181]
  [180 182 181]
  ...
  [151 151 151]
  [150 150 150]
  [149 151 150]]]",FEMALE
"[[[204 205 209]
  [207 208 212]
  [204 208 211]
  ...
  [176 175 180]
  [173 174 178]
  [170 169 174]]

 [[205 206 210]
  [204 204 208]
  [206 207 211]
  ...
  [174 173 178]
  [172 173 177]
  [172 173 177]]

 [[205 206 210]
  [205 206 208]
  [206 207 209]
  ...
  [174 175 179]
  [175 174 179]
  [172 173 177]]

 ...

 [[185 186 188]
  [185 186 188]
  [184 185 187]
  ...
  [148 148 148]
  [147 149 148]
  [148 148 148]]

 [[184 186 188]
  [184 185 187]
  [182 186 187]
  ...
  [148 150 149]
  [150 150 150]
  [149 149 149]]

 [[184 185 187]
  [185 186 188]
  [185 186 188]
  ...
  [147 149 148]
  [149 149 149]
  [148 148 148]]]",FEMALE
"[[[189 193 196]
  [191 195 199]
  [191 195 195]
  ...
  [171 172 174]
  [168 172 173]
  [167 171 174]]

 [[191 196 199]
  [189 194 197]
  [188 193 196]
  ...
  [172 173 175]
  [171 175 176]
  [171 175 178]]

 [[188 194 194]
  [190 194 197]
  [190 194 197]
  ...
  [172 176 177]
  [175 176 180]
  [170 174 175]]

 ...

 [[170 170 168]
  [172 172 172]
  [172 172 172]
  ...
  [160 162 161]
  [162 162 162]
  [158 160 159]]

 [[168 168 167]
  [169 169 169]
  [171 171 171]
  ...
  [162 162 162]
  [160 160 160]
  [160 160 160]]

 [[167 167 167]
  [168 168 168]
  [169 169 169]
  ...
  [161 161 161]
  [158 160 159]
  [154 156 155]]]",FEMALE
"[[[201 204 209]
  [199 204 207]
  [196 204 206]
  ...
  [185 189 192]
  [186 190 193]
  [181 186 189]]

 [[200 203 208]
  [200 204 207]
  [201 204 209]
  ...
  [186 190 193]
  [186 190 193]
  [184 188 191]]

 [[200 204 207]
  [201 208 211]
  [201 205 210]
  ...
  [184 189 192]
  [184 188 191]
  [188 187 192]]

 ...

 [[170 170 170]
  [170 172 171]
  [169 171 170]
  ...
  [147 152 148]
  [150 153 149]
  [149 151 148]]

 [[170 172 171]
  [166 172 170]
  [172 174 173]
  ...
  [150 152 149]
  [151 153 150]
  [151 153 150]]

 [[170 170 170]
  [170 170 170]
  [171 173 172]
  ...
  [150 152 149]
  [147 148 146]
  [149 149 147]]]",FEMALE
"[[[193 198 204]
  [194 198 207]
  [196 200 209]
  ...
  [180 183 188]
  [179 184 190]
  [182 185 190]]

 [[193 198 204]
  [194 200 209]
  [193 200 206]
  ...
  [182 189 194]
  [180 185 189]
  [179 186 189]]

 [[194 201 209]
  [195 201 207]
  [195 202 208]
  ...
  [180 185 189]
  [180 185 187]
  [180 185 189]]

 ...

 [[148 148 146]
  [149 149 147]
  [148 148 146]
  ...
  [126 126 126]
  [125 125 125]
  [125 124 124]]

 [[147 148 143]
  [149 149 147]
  [150 149 147]
  ...
  [126 126 126]
  [126 126 124]
  [121 121 121]]

 [[148 148 144]
  [146 147 142]
  [146 147 142]
  ...
  [122 122 122]
  [119 119 119]
  [121 121 121]]]",FEMALE
"[[[174 176 175]
  [173 173 173]
  [177 177 179]
  ...
  [165 167 166]
  [163 164 166]
  [163 164 166]]

 [[174 175 177]
  [177 177 177]
  [177 177 179]
  ...
  [163 163 163]
  [162 164 163]
  [161 162 164]]

 [[172 173 175]
  [173 173 173]
  [178 178 179]
  ...
  [165 165 165]
  [162 164 163]
  [160 161 163]]

 ...

 [[166 168 167]
  [164 165 165]
  [168 168 168]
  ...
  [143 145 144]
  [140 144 143]
  [141 143 142]]

 [[166 166 166]
  [165 167 166]
  [165 166 165]
  ...
  [141 143 142]
  [142 144 143]
  [142 144 143]]

 [[165 165 165]
  [166 168 166]
  [164 166 165]
  ...
  [141 144 143]
  [143 145 144]
  [142 144 143]]]",FEMALE
"[[[183 184 188]
  [183 184 188]
  [186 187 191]
  ...
  [176 177 181]
  [178 177 182]
  [175 176 180]]

 [[179 180 182]
  [182 184 187]
  [183 184 186]
  ...
  [177 177 181]
  [177 176 181]
  [172 176 179]]

 [[179 180 182]
  [182 186 189]
  [184 187 192]
  ...
  [175 176 180]
  [174 175 179]
  [176 177 181]]

 ...

 [[172 172 172]
  [172 172 172]
  [173 173 173]
  ...
  [167 168 167]
  [166 168 167]
  [168 168 168]]

 [[171 171 171]
  [170 170 170]
  [172 172 172]
  ...
  [168 169 169]
  [165 165 165]
  [165 167 167]]

 [[173 173 173]
  [172 172 172]
  [171 171 171]
  ...
  [165 167 164]
  [169 169 167]
  [163 165 164]]]",FEMALE
"[[[188 190 194]
  [189 190 194]
  [190 190 194]
  ...
  [177 178 182]
  [178 179 183]
  [178 179 183]]

 [[185 190 193]
  [187 188 192]
  [189 189 194]
  ...
  [180 181 182]
  [178 178 182]
  [176 180 183]]

 [[188 189 193]
  [187 188 192]
  [188 189 193]
  ...
  [179 180 184]
  [179 180 184]
  [179 180 184]]

 ...

 [[157 159 158]
  [159 161 160]
  [160 160 160]
  ...
  [141 142 139]
  [139 139 139]
  [136 136 137]]

 [[155 157 156]
  [158 160 158]
  [159 159 159]
  ...
  [ 65  70  50]
  [ 65  73  56]
  [ 60  63  52]]

 [[156 158 157]
  [156 156 156]
  [157 157 157]
  ...
  [ 96 102  94]
  [100 102  96]
  [ 96  99  90]]]",FEMALE
"[[[182 183 187]
  [181 186 188]
  [184 188 191]
  ...
  [161 166 169]
  [154 158 159]
  [160 161 163]]

 [[182 186 189]
  [182 186 189]
  [186 190 193]
  ...
  [159 164 167]
  [162 163 165]
  [158 162 162]]

 [[186 187 191]
  [184 185 189]
  [185 186 190]
  ...
  [159 163 166]
  [162 163 165]
  [159 163 164]]

 ...

 [[163 163 163]
  [166 166 166]
  [165 165 165]
  ...
  [139 139 139]
  [137 139 138]
  [136 136 136]]

 [[163 163 163]
  [168 168 168]
  [167 167 167]
  ...
  [137 137 137]
  [137 137 137]
  [135 135 135]]

 [[165 165 165]
  [165 165 165]
  [167 167 167]
  ...
  [137 139 138]
  [136 136 136]
  [137 137 137]]]",FEMALE
"[[[171 171 173]
  [172 172 173]
  [175 174 179]
  ...
  [160 160 162]
  [158 159 160]
  [157 158 160]]

 [[174 174 176]
  [174 174 176]
  [175 174 179]
  ...
  [159 160 162]
  [160 161 163]
  [159 160 163]]

 [[172 172 174]
  [172 172 174]
  [173 173 176]
  ...
  [158 159 161]
  [158 159 161]
  [159 159 161]]

 ...

 [[110 107 100]
  [109 109  99]
  [106 106  94]
  ...
  [ 66  69  59]
  [ 65  68  58]
  [ 60  64  57]]

 [[109 106  97]
  [110 106  97]
  [108 104  93]
  ...
  [105 105  97]
  [106 106  98]
  [100 101  93]]

 [[106 103  93]
  [109 106  97]
  [105 101  90]
  ...
  [102 103  95]
  [103 104  96]
  [101 101  93]]]",FEMALE
"[[[172 173 175]
  [174 175 177]
  [174 177 178]
  ...
  [164 165 167]
  [161 162 164]
  [161 162 164]]

 [[175 175 177]
  [175 175 177]
  [174 174 176]
  ...
  [159 160 162]
  [160 161 163]
  [161 163 162]]

 [[173 174 176]
  [173 176 175]
  [174 174 176]
  ...
  [160 164 163]
  [160 161 162]
  [159 163 162]]

 ...

 [[173 175 174]
  [174 176 175]
  [176 178 177]
  ...
  [164 168 167]
  [167 165 166]
  [164 164 164]]

 [[174 176 175]
  [176 176 176]
  [177 177 177]
  ...
  [167 168 167]
  [165 167 166]
  [162 166 165]]

 [[174 176 175]
  [174 176 175]
  [175 177 176]
  ...
  [164 166 165]
  [165 167 166]
  [164 166 165]]]",FEMALE
"[[[193 194 196]
  [197 197 199]
  [195 196 200]
  ...
  [177 178 182]
  [176 175 180]
  [176 177 181]]

 [[196 196 198]
  [194 195 197]
  [194 195 199]
  ...
  [176 180 183]
  [176 175 180]
  [177 177 179]]

 [[197 197 199]
  [194 195 199]
  [197 198 200]
  ...
  [176 177 179]
  [180 180 182]
  [178 178 180]]

 ...

 [[125 123 111]
  [122 122 112]
  [126 126 116]
  ...
  [118 115 106]
  [114 111 103]
  [111 111 103]]

 [[126 124 112]
  [123 123 113]
  [122 122 110]
  ...
  [110 110 100]
  [118 115 106]
  [112 112 104]]

 [[123 120 111]
  [122 122 112]
  [124 121 110]
  ...
  [111 112 104]
  [113 113 105]
  [110 110 100]]]",FEMALE
"[[[182 182 185]
  [180 181 183]
  [181 182 184]
  ...
  [162 168 168]
  [164 168 171]
  [165 166 168]]

 [[180 179 184]
  [182 182 184]
  [180 184 185]
  ...
  [167 168 170]
  [161 162 166]
  [163 167 168]]

 [[184 184 186]
  [182 182 184]
  [182 183 185]
  ...
  [163 167 168]
  [167 168 170]
  [163 164 168]]

 ...

 [[173 173 173]
  [175 177 176]
  [176 178 177]
  ...
  [162 164 163]
  [160 162 161]
  [158 160 159]]

 [[168 172 171]
  [171 173 172]
  [174 176 175]
  ...
  [159 161 160]
  [156 158 157]
  [158 160 159]]

 [[172 172 172]
  [173 173 173]
  [173 175 174]
  ...
  [160 159 160]
  [156 158 157]
  [156 158 157]]]",FEMALE
"[[[187 190 197]
  [188 193 197]
  [187 192 196]
  ...
  [174 181 187]
  [175 182 185]
  [174 179 183]]

 [[187 192 197]
  [187 192 195]
  [187 190 195]
  ...
  [175 180 184]
  [173 181 184]
  [172 180 184]]

 [[187 190 195]
  [184 189 193]
  [187 192 196]
  ...
  [176 179 184]
  [172 177 181]
  [172 180 183]]

 ...

 [[142 142 142]
  [147 147 147]
  [147 147 147]
  ...
  [144 146 145]
  [143 145 144]
  [143 144 146]]

 [[145 145 145]
  [146 146 146]
  [145 145 147]
  ...
  [142 144 143]
  [144 146 145]
  [144 144 144]]

 [[142 142 142]
  [145 145 145]
  [145 145 145]
  ...
  [144 144 145]
  [143 141 144]
  [143 143 145]]]",FEMALE
"[[[182 182 184]
  [182 182 184]
  [179 179 179]
  ...
  [164 164 167]
  [162 163 165]
  [161 163 165]]

 [[180 181 183]
  [183 183 185]
  [184 184 186]
  ...
  [157 161 164]
  [162 165 166]
  [159 163 164]]

 [[183 183 185]
  [182 182 184]
  [184 184 186]
  ...
  [162 162 162]
  [163 165 164]
  [161 165 164]]

 ...

 [[186 186 186]
  [185 187 186]
  [185 187 186]
  ...
  [168 170 168]
  [168 171 169]
  [166 168 167]]

 [[186 186 186]
  [182 184 183]
  [184 186 185]
  ...
  [166 170 169]
  [167 169 168]
  [167 170 168]]

 [[182 184 183]
  [184 184 184]
  [184 184 184]
  ...
  [167 169 168]
  [167 169 168]
  [164 168 167]]]",FEMALE
"[[[183 183 185]
  [183 183 183]
  [185 185 187]
  ...
  [173 173 175]
  [173 173 175]
  [172 172 174]]

 [[184 184 186]
  [183 182 184]
  [187 187 189]
  ...
  [174 174 176]
  [173 173 175]
  [171 171 173]]

 [[185 185 187]
  [184 184 186]
  [186 187 189]
  ...
  [171 172 174]
  [171 171 173]
  [172 172 174]]

 ...

 [[193 193 193]
  [192 194 193]
  [193 193 193]
  ...
  [173 173 175]
  [175 175 175]
  [172 172 172]]

 [[192 192 192]
  [191 193 192]
  [193 193 193]
  ...
  [166 161 161]
  [161 156 154]
  [159 149 150]]

 [[192 194 193]
  [191 193 192]
  [193 193 193]
  ...
  [ 45  50  40]
  [ 48  50  42]
  [ 51  51  44]]]",FEMALE
"[[[169 173 174]
  [167 173 173]
  [169 173 174]
  ...
  [158 162 163]
  [158 164 164]
  [160 161 163]]

 [[168 170 169]
  [171 172 174]
  [171 172 174]
  ...
  [161 162 164]
  [161 161 164]
  [159 160 162]]

 [[172 173 175]
  [171 173 173]
  [170 172 171]
  ...
  [158 162 163]
  [158 162 163]
  [157 161 162]]

 ...

 [[160 160 158]
  [160 160 160]
  [156 162 158]
  ...
  [148 152 151]
  [151 151 151]
  [151 153 152]]

 [[160 160 160]
  [160 160 160]
  [160 160 160]
  ...
  [150 152 151]
  [150 152 151]
  [146 148 147]]

 [[159 159 159]
  [157 157 157]
  [158 158 158]
  ...
  [149 151 150]
  [150 153 152]
  [149 151 150]]]",FEMALE
"[[[182 183 187]
  [183 184 188]
  [183 184 188]
  ...
  [154 154 156]
  [155 154 159]
  [151 155 156]]

 [[182 181 186]
  [184 185 188]
  [184 185 189]
  ...
  [153 154 158]
  [153 153 158]
  [153 154 158]]

 [[182 183 187]
  [183 184 188]
  [182 181 186]
  ...
  [152 156 157]
  [155 156 158]
  [154 155 159]]

 ...

 [[163 164 166]
  [161 165 166]
  [165 167 166]
  ...
  [140 144 143]
  [138 144 142]
  [140 142 141]]

 [[160 164 165]
  [162 166 167]
  [164 165 167]
  ...
  [139 143 142]
  [137 143 141]
  [141 142 144]]

 [[163 163 163]
  [165 165 166]
  [161 162 164]
  ...
  [139 140 140]
  [140 141 140]
  [139 141 140]]]",FEMALE
"[[[203 206 213]
  [203 206 211]
  [202 205 210]
  ...
  [176 179 184]
  [178 179 184]
  [177 178 182]]

 [[201 206 212]
  [202 207 213]
  [202 207 213]
  ...
  [175 178 183]
  [174 177 182]
  [175 178 183]]

 [[203 206 210]
  [204 207 211]
  [203 206 213]
  ...
  [178 179 184]
  [176 180 182]
  [179 180 185]]

 ...

 [[195 196 200]
  [194 198 201]
  [195 199 202]
  ...
  [175 179 182]
  [173 177 180]
  [177 178 180]]

 [[194 195 199]
  [196 197 201]
  [194 198 201]
  ...
  [177 178 182]
  [175 176 180]
  [174 178 181]]

 [[191 195 198]
  [194 195 199]
  [194 198 201]
  ...
  [175 176 181]
  [172 177 180]
  [172 176 177]]]",FEMALE
"[[[200 201 203]
  [202 202 204]
  [199 199 201]
  ...
  [171 172 174]
  [171 171 171]
  [169 169 169]]

 [[201 201 203]
  [202 202 202]
  [202 202 204]
  ...
  [171 171 173]
  [171 171 171]
  [171 171 171]]

 [[198 198 198]
  [203 203 206]
  [199 199 201]
  ...
  [171 172 174]
  [170 170 172]
  [172 172 174]]

 ...

 [[180 180 180]
  [178 178 178]
  [181 181 181]
  ...
  [146 148 147]
  [146 146 146]
  [149 149 149]]

 [[179 179 179]
  [181 181 181]
  [181 181 181]
  ...
  [147 149 146]
  [149 151 150]
  [149 149 147]]

 [[179 179 179]
  [180 180 180]
  [178 178 178]
  ...
  [148 150 147]
  [146 148 147]
  [149 150 148]]]",FEMALE
"[[[173 174 176]
  [174 175 177]
  [174 174 176]
  ...
  [157 164 166]
  [157 162 165]
  [156 164 166]]

 [[176 176 180]
  [174 174 176]
  [175 175 177]
  ...
  [159 163 166]
  [159 163 166]
  [160 164 165]]

 [[174 175 177]
  [175 175 177]
  [175 175 177]
  ...
  [158 163 166]
  [160 166 166]
  [161 166 169]]

 ...

 [[195 199 200]
  [192 198 198]
  [195 201 201]
  ...
  [180 184 185]
  [182 188 188]
  [179 183 184]]

 [[194 198 199]
  [195 199 200]
  [195 201 201]
  ...
  [179 183 186]
  [179 184 186]
  [179 183 184]]

 [[193 197 198]
  [195 200 201]
  [195 199 200]
  ...
  [178 184 184]
  [178 184 184]
  [177 183 183]]]",FEMALE
"[[[192 195 202]
  [197 197 205]
  [194 197 204]
  ...
  [178 180 186]
  [181 182 186]
  [179 180 185]]

 [[199 199 207]
  [195 198 205]
  [197 197 207]
  ...
  [180 184 187]
  [181 182 187]
  [177 181 184]]

 [[197 199 206]
  [196 199 206]
  [195 198 205]
  ...
  [178 181 186]
  [180 181 186]
  [181 180 186]]

 ...

 [[200 202 202]
  [201 202 204]
  [203 203 207]
  ...
  [163 167 168]
  [162 166 169]
  [166 169 172]]

 [[189 187 192]
  [192 190 193]
  [194 190 196]
  ...
  [167 171 172]
  [166 170 173]
  [166 170 173]]

 [[ 44  43  32]
  [ 49  46  33]
  [ 51  48  37]
  ...
  [168 173 176]
  [166 170 173]
  [167 171 174]]]",FEMALE
"[[[169 170 171]
  [167 168 170]
  [168 169 171]
  ...
  [146 150 151]
  [147 151 152]
  [150 154 155]]

 [[169 170 172]
  [168 169 171]
  [170 171 173]
  ...
  [149 152 153]
  [146 152 152]
  [149 153 154]]

 [[170 171 173]
  [168 169 171]
  [170 171 173]
  ...
  [148 152 153]
  [147 151 152]
  [148 152 153]]

 ...

 [[161 161 161]
  [162 162 162]
  [161 161 161]
  ...
  [145 145 145]
  [145 145 145]
  [146 146 146]]

 [[160 160 160]
  [160 160 160]
  [161 161 161]
  ...
  [143 145 144]
  [143 143 143]
  [145 145 143]]

 [[160 160 160]
  [160 160 160]
  [157 157 157]
  ...
  [143 143 143]
  [142 142 142]
  [142 142 140]]]",FEMALE
"[[[166 167 171]
  [164 163 168]
  [166 166 168]
  ...
  [166 166 168]
  [168 168 168]
  [165 165 165]]

 [[166 166 168]
  [165 166 168]
  [166 167 171]
  ...
  [168 169 171]
  [166 166 168]
  [163 163 165]]

 [[166 167 169]
  [168 168 170]
  [162 163 165]
  ...
  [166 167 171]
  [166 166 170]
  [165 164 169]]

 ...

 [[171 171 171]
  [172 172 172]
  [172 172 172]
  ...
  [163 165 164]
  [160 162 161]
  [161 163 162]]

 [[175 175 175]
  [170 170 170]
  [172 172 172]
  ...
  [161 161 161]
  [164 165 164]
  [160 162 161]]

 [[173 173 173]
  [172 172 172]
  [174 174 174]
  ...
  [146 135 133]
  [143 131 133]
  [143 133 134]]]",FEMALE
"[[[196 200 203]
  [197 202 206]
  [196 201 205]
  ...
  [184 188 191]
  [183 186 191]
  [183 186 191]]

 [[197 200 205]
  [196 201 205]
  [197 202 206]
  ...
  [182 185 190]
  [184 187 192]
  [182 187 191]]

 [[198 200 205]
  [195 199 203]
  [197 199 204]
  ...
  [184 187 192]
  [180 185 188]
  [182 186 190]]

 ...

 [[194 195 197]
  [196 197 199]
  [195 196 198]
  ...
  [189 190 192]
  [188 189 191]
  [186 191 191]]

 [[194 195 197]
  [194 195 197]
  [193 195 197]
  ...
  [189 190 192]
  [188 189 191]
  [187 191 192]]

 [[192 193 195]
  [195 195 197]
  [193 194 196]
  ...
  [189 191 190]
  [189 190 192]
  [188 189 191]]]",FEMALE
"[[[202 202 202]
  [205 205 207]
  [203 203 205]
  ...
  [182 182 182]
  [183 183 183]
  [183 184 183]]

 [[201 201 203]
  [202 203 205]
  [202 202 204]
  ...
  [182 182 182]
  [183 183 183]
  [185 185 185]]

 [[204 204 206]
  [202 202 204]
  [203 203 205]
  ...
  [182 182 182]
  [185 185 185]
  [181 182 183]]

 ...

 [[191 193 192]
  [191 193 192]
  [192 194 193]
  ...
  [174 176 175]
  [171 173 172]
  [171 175 173]]

 [[191 191 191]
  [194 194 194]
  [192 194 192]
  ...
  [174 174 174]
  [175 177 176]
  [173 174 174]]

 [[193 193 193]
  [192 195 194]
  [193 195 194]
  ...
  [173 176 175]
  [171 173 172]
  [170 172 171]]]",FEMALE
"[[[190 193 196]
  [190 194 197]
  [191 193 197]
  ...
  [173 177 180]
  [176 179 182]
  [173 177 180]]

 [[191 191 196]
  [193 192 197]
  [193 194 199]
  ...
  [176 177 179]
  [174 178 181]
  [177 178 182]]

 [[191 194 197]
  [192 193 197]
  [192 193 197]
  ...
  [177 178 180]
  [178 179 183]
  [177 178 182]]

 ...

 [[184 186 185]
  [187 187 187]
  [187 187 187]
  ...
  [172 174 173]
  [171 173 172]
  [171 173 172]]

 [[185 187 186]
  [187 187 187]
  [188 188 188]
  ...
  [172 172 172]
  [171 171 171]
  [171 171 171]]

 [[184 186 185]
  [186 186 186]
  [185 185 185]
  ...
  [173 173 173]
  [171 171 171]
  [172 172 172]]]",FEMALE
"[[[182 183 187]
  [184 184 188]
  [181 183 187]
  ...
  [167 168 170]
  [166 167 169]
  [165 167 170]]

 [[182 183 187]
  [184 185 189]
  [184 185 187]
  ...
  [164 165 167]
  [167 167 170]
  [167 168 170]]

 [[182 183 187]
  [185 187 191]
  [183 184 186]
  ...
  [169 170 172]
  [167 168 170]
  [165 166 169]]

 ...

 [[180 184 185]
  [181 185 186]
  [181 185 186]
  ...
  [165 171 171]
  [163 169 169]
  [164 168 169]]

 [[179 183 186]
  [181 185 189]
  [179 183 186]
  ...
  [166 170 171]
  [164 168 169]
  [164 168 169]]

 [[181 185 188]
  [180 184 186]
  [178 183 186]
  ...
  [166 170 171]
  [163 167 168]
  [163 168 169]]]",FEMALE
"[[[188 192 195]
  [192 193 196]
  [188 192 195]
  ...
  [165 170 173]
  [162 169 172]
  [164 168 171]]

 [[187 192 195]
  [185 190 194]
  [191 194 199]
  ...
  [164 169 172]
  [164 172 174]
  [163 167 170]]

 [[186 190 193]
  [188 191 196]
  [191 192 196]
  ...
  [166 171 174]
  [163 167 170]
  [163 167 170]]

 ...

 [[184 184 184]
  [183 183 183]
  [185 185 185]
  ...
  [157 157 157]
  [156 156 156]
  [155 155 155]]

 [[185 185 185]
  [183 183 183]
  [183 183 183]
  ...
  [159 159 159]
  [157 157 157]
  [158 158 158]]

 [[183 183 183]
  [181 181 181]
  [183 183 183]
  ...
  [157 157 157]
  [156 156 156]
  [157 157 157]]]",FEMALE
"[[[165 165 165]
  [167 167 167]
  [168 168 168]
  ...
  [171 171 173]
  [171 171 171]
  [170 170 170]]

 [[168 168 168]
  [165 165 165]
  [169 169 169]
  ...
  [172 172 174]
  [171 171 173]
  [171 173 172]]

 [[166 166 166]
  [169 169 169]
  [169 169 169]
  ...
  [172 172 174]
  [172 172 174]
  [171 171 171]]

 ...

 [[163 165 162]
  [169 169 167]
  [169 169 167]
  ...
  [162 164 163]
  [162 164 164]
  [161 163 162]]

 [[164 166 164]
  [167 167 167]
  [167 167 165]
  ...
  [163 165 164]
  [163 165 164]
  [163 165 164]]

 [[166 167 164]
  [166 168 164]
  [166 166 163]
  ...
  [156 156 156]
  [158 155 156]
  [158 155 155]]]",FEMALE
"[[[200 200 202]
  [200 201 203]
  [201 202 204]
  ...
  [169 170 172]
  [170 171 173]
  [169 170 172]]

 [[198 199 201]
  [201 202 204]
  [200 201 203]
  ...
  [169 171 170]
  [169 171 173]
  [171 172 174]]

 [[201 202 205]
  [200 201 203]
  [200 201 203]
  ...
  [170 171 173]
  [166 170 171]
  [166 170 171]]

 ...

 [[180 180 178]
  [181 181 179]
  [180 180 180]
  ...
  [148 148 148]
  [146 146 146]
  [145 145 145]]

 [[177 177 177]
  [179 179 179]
  [183 183 183]
  ...
  [146 146 146]
  [146 146 146]
  [147 147 147]]

 [[180 180 178]
  [177 177 175]
  [179 179 179]
  ...
  [144 144 144]
  [146 146 144]
  [144 144 144]]]",FEMALE
"[[[178 179 181]
  [180 180 182]
  [180 180 182]
  ...
  [167 168 167]
  [168 168 168]
  [169 169 169]]

 [[181 181 183]
  [180 180 185]
  [180 180 182]
  ...
  [167 169 168]
  [167 167 167]
  [168 168 168]]

 [[178 182 183]
  [178 182 183]
  [182 182 182]
  ...
  [169 169 169]
  [169 169 171]
  [167 167 167]]

 ...

 [[177 181 182]
  [176 180 181]
  [176 180 181]
  ...
  [164 168 169]
  [165 167 169]
  [163 167 168]]

 [[176 180 183]
  [174 180 180]
  [175 179 180]
  ...
  [162 167 169]
  [162 165 167]
  [163 168 169]]

 [[173 178 181]
  [174 178 179]
  [175 179 180]
  ...
  [164 166 170]
  [162 167 167]
  [160 164 165]]]",FEMALE
"[[[194 195 197]
  [198 199 201]
  [198 198 202]
  ...
  [162 166 167]
  [161 165 166]
  [162 163 167]]

 [[197 198 200]
  [196 197 201]
  [195 199 202]
  ...
  [161 165 166]
  [161 165 166]
  [161 164 165]]

 [[197 197 199]
  [196 199 200]
  [194 198 199]
  ...
  [161 165 166]
  [162 166 167]
  [160 162 164]]

 ...

 [[164 164 162]
  [164 164 162]
  [164 164 163]
  ...
  [135 135 133]
  [133 133 131]
  [132 132 130]]

 [[165 164 162]
  [166 165 163]
  [165 165 163]
  ...
  [134 134 132]
  [134 135 132]
  [133 133 130]]

 [[165 164 162]
  [163 163 163]
  [166 166 164]
  ...
  [131 131 129]
  [130 132 129]
  [131 131 129]]]",FEMALE
"[[[180 183 188]
  [181 186 190]
  [181 186 190]
  ...
  [153 157 160]
  [153 158 161]
  [152 156 159]]

 [[181 184 189]
  [184 185 189]
  [183 186 189]
  ...
  [150 153 158]
  [151 156 160]
  [151 155 158]]

 [[181 184 189]
  [181 184 189]
  [182 185 190]
  ...
  [153 158 161]
  [152 156 159]
  [152 157 160]]

 ...

 [[180 188 191]
  [180 188 191]
  [180 188 191]
  ...
  [121 115 114]
  [115 106 104]
  [ 99  89  87]]

 [[181 188 192]
  [179 187 190]
  [178 186 189]
  ...
  [ 40  46  34]
  [ 44  51  41]
  [ 51  58  50]]

 [[179 186 192]
  [179 185 189]
  [179 184 190]
  ...
  [104 105  99]
  [108 107 103]
  [112 113 107]]]",FEMALE
